label	text_a
0	MDFLI
0	MFDL
0	MDLA
0	LIVTQ
0	LIVT
0	MILLLFR
0	VYRT
0	VSV
0	IKW
0	LRW
0	LRP
0	MKP
0	LKP
0	VVYPW
0	LRIPVA
0	PTHIAW
0	FFGVRCVSP
0	LIWKL
0	IVY
0	FKGRYYP
0	IRW
0	IRY
0	MRW
0	KGYGGVSLPEW
0	RYLGY
0	MAP
0	LIY
0	TYLGS
0	VLRP
0	PTHIKWGD
0	VHW
0	GAAELPCSADWW
0	IIY
0	VVGAK
0	ERKIKVYL
0	VRF
0	CFCTKPC
0	FL
0	IRPVQ
0	SKVYP
0	AKYSY
0	PTHVAW
0	GVYPHK
0	IQW
0	LHP
0	KW
0	AFKAWAVAR
0	APGAGVY
0	IKP
0	FQPQPLIYP
0	IMY
0	IRP
0	LHLPLR
0	FFYY
0	GKKVLQ
0	LHLPGP
0	CF
0	LAPSLPGKPKPD
0	DGVVYY
0	GKKIATYQER
0	IW
0	KKIATYQER
0	TVPY
0	VAP
0	MRWRD
0	FQKVVAK
0	DP
0	FSY
0	LQP
0	VRP
0	LHLPYP
0	TKY
0	TYCQ
0	LKPNM
0	PYVRYL
0	ILP
0	IWHHTF
0	PRY
0	VW
0	LTF
0	FHERDPTHIKWGD
0	TKTGRSAHVLSRYRPRA
0	VADVYVGK
0	VAW
0	IAYKP
0	EVMAGNLYPG
0	PQPLIYP
0	MVGSAPGVL
0	FRADHPFL
0	FRAHPFL
0	ITMIAPSAF
0	DIGYY
0	IFVPAF
0	VAHINVWK
0	IWH
0	LAP
0	QPLIYP
0	VVYPWTQ
0	IY
0	LHLPLP
0	VKP
0	ISHIYVWK
0	FYPEL
0	IFVPA
0	LAY
0	DELQDKIHPFAQTQSLVYPFPGPIPNS
0	LQW
0	PNRIKYGD
0	QPQPLIYP
0	GVGAGY
0	VVCVPW
0	LRPVAA
0	IAYKPAG
0	FALPQY
0	FALPQYLK
0	IVRDPNGMGAW
0	PLIYP
0	VPA
0	FVPAF
0	LYPVK
0	VHLAP
0	VWP
0	VYPHK
0	QNALIVRYTR
0	WHP
0	YPSFQPQPLIYP
0	LGFPTTKTYFPHF
0	IPP
0	KVLPVP
0	KWLP
0	LRY
0	LLLAHLL
0	VELYP
0	LVYPFPGPIPNSLPQNIPP
0	MLPVY
0	PYKWLP
0	VTVNPYKWLP
0	VVYPWTQRF
0	LKIPLY
0	VLPF
0	FQKVVA
0	IWHHT
0	LVY
0	FW
0	FFVAP
0	LHLPAP
0	VVYPWT
0	LKIPVA
0	KRVIQY
0	LDY
0	VYAP
0	FFGRCVSP
0	FGRCVSP
0	IVGRPRHQG
0	RADHPFL
0	IRA
0	LY
0	KLYMRP
0	AKF
0	AWW
0	AYFYPEL
0	AYFYPELF
0	VDF
0	LYP
0	GKMVKVVSWY
0	VAHINVGK
0	CVL
0	LW
0	FNF
0	FRC
0	MKY
0	FQKVVAG
0	IYPSFQPQPLIYP
0	PTHIKWG
0	YANPAVVRP
0	HERDPTHIKWGD
0	KKPTHIKWGD
0	SAPLRVY
0	AGTTCLFTPLALPYDYSH
0	SVY
0	YW
0	GPAGAP
0	IYPRY
0	LKA
0	KIYPSFQPQPLIYP
0	VSGAGRY
0	YINQMPQKSREA
0	MIPAY
0	VIIF
0	VQV
0	IPF
0	GLY
0	LHLWLP
0	VPP
0	VWDPPKFD
0	VIP
0	VWY
0	LLNPPHQIYP
0	LPP
0	MYY
0	DDTGHDFEDTGEAM
0	MLPAY
0	LKPMN
0	YALPHA
0	ALPHA
0	IYPR
0	LIYP
0	VSP
0	WL
0	WQVLPNAVPAK
0	FVP
0	LKY
0	PYKLRP
0	LHPGDAQR
0	GPPGTDGAP
0	RY
0	LPF
0	FEDYVPLSCF
0	FCF
0	INYWL
0	KALPMHIRLAF
0	LKVGVKQY
0	YQKFPQYLQY
0	GDLGKTTTVSNWSPPKYKDTP
0	GPPGPP
0	LVVYPWTQ
0	PTHIKW
0	DAQSAPLRVY
0	LVL
0	FCVLRP
0	KPVAAP
0	VK
0	DW
0	KY
0	PTHIDW
0	VAA
0	PYKW
0	VDSDVVKG
0	YKW
0	KLPAGTLF
0	VTPALR
0	IFY
0	FPQYLQY
0	IVGRRRHQG
0	IVR
0	LVR
0	YLAGNQ
0	YQNPRLGPTGELDPATQPIVAVHNPVIV
0	FGASTRGA
0	VIY
0	AVPYPQR
0	NIFYCP
0	NLHLPLPLL
0	TVY
0	YPFPGPIPN
0	IAK
0	PSY
0	VAY
0	YGGVSLPEW
0	YLYEIAR
0	APGAPGPVG
0	MAW
0	YKLRP
0	YPR
0	YKWLP
0	YPRY
0	LIPPGVPY
0	MPF
0	PAVVRP
0	AFVGYVLP
0	FYN
0	TQVY
0	AWPF
0	FWN
0	LHLYLP
0	IHPFAQTQSLVYP
0	PVGLVQPASATLYDY
0	STHGVW
0	KAAAAP
0	FCVL
0	AKYCY
0	RVPSL
0	YQKFPQY
0	LVPFGW
0	KVLILA
0	LLYQQPVLGPVRGPFPIIV
0	PADIKWGD
0	VPPLYPN
0	VSRHFASYAN
0	YNKL
0	WPEAAELMMEVDP
0	KP
0	PPHQIYP
0	VVY
0	VY
0	YKVPQL
0	CWLPVY
0	MIFPGGPQL
0	VTGRFAGHPAAQ
0	QVSLNSGYY
0	WPERPPQIP
0	VSW
0	YPK
0	MKG
0	VRYL
0	YPLDLF
0	MLLCS
0	YYPQIMQY
0	ANPAVVRP
0	FAQTQSLVYP
0	FY
0	FYQQ
0	LNPPHQIYP
0	DKVGINYW
0	KAAAATP
0	WVPSVY
0	HPFAQTQSLVYP
0	KRQKYDI
0	KDYRL
0	MIFPGAGGPEL
0	LKYPI
0	GYALPHA
0	YTAGV
0	LVYPFTGPIPN
0	KF
0	RIY
0	VKKVLGNP
0	LPYPY
0	VMP
0	GAPGLPGP
0	VECYGPNRPQF
0	KVGTKCCAKP
0	KVLAGM
0	PHQIYP
0	VWIS
0	TVGMTAKF
0	KLKFV
0	DPYKLRP
0	VLY
0	IITNW
0	IRPV
0	PANIKWGD
0	KA
0	VAWKL
0	GFYPPP
0	VLAQYK
0	NY
0	IKPVQ
0	IKY
0	VKCFR
0	AYIASKGL
0	CVTPALR
0	VVF
0	NCW
0	LLMLDNDLPP
0	PLW
0	VLPYP
0	AW
0	VLSRYP
0	FFL
0	GPAGAPGAA
0	NPPHQIYP
0	PTHIKWD
0	TVYTKGRVMP
0	PTHIKWN
0	WY
0	VMDKPQG
0	KIHPFAQTQSLVYP
0	SLVYP
0	HLPLP
0	NNVMLQW
0	QSLVYP
0	SPRCR
0	YLGY
0	IYLL
0	ALPMHIR
0	IKPLDY
0	IKPLNY
0	IPALLKR
0	YKY
0	KWL
0	YH
0	YVVFK
0	DFY
0	IFL
0	KFY
0	GAPGPAGPGGIPGERG
0	GMKCAF
0	WHHTF
0	KAPVA
0	YKWL
0	YYAKPAAVR
0	HIKWGD
0	THIKWGD
1	NLHLPLP
1	YN
1	YPLDL
1	MGP
1	IGSENSEKTTMP
1	AA
1	TGLKP
1	AH
1	RLPSEFDLSAFLRA
1	GQY
1	GIL
1	LASPTM
1	IL
1	NENLLRFFVAPFPEVFG
1	PRHQG
1	WYSLAM
1	LLP
1	VSLPEW
1	AEL
1	AQL
1	HLL
1	VKK
1	WYSLAMA
1	HQAAGW
1	NMAINPSK
1	RPP
1	GLPGSRGERGLPG
1	RS
1	TNW
1	GPCSR
1	GTEKC
1	RGY
1	AHEPVK
1	IGDEPLANYL
1	IIAEK
1	AFL
1	FKR
1	SWVE
1	GLTSK
1	GKEIIVKAER
1	MNP
1	AVV
1	KPGRP
1	AQQLAAQLPAMCR
1	LAIPVNKP
1	TNGIIR
1	IDALNENK
1	GVHHA
1	IETWNPNNQ
1	IELPLG
1	PSFQP
1	QTQSLVYP
1	TPTQQS
1	AVVRP
1	SKVPP
1	QIGLF
1	QLLLQQ
1	MCESASSK
1	VYAPFE
1	AQTQSLVYP
1	SWSF
1	FFVAPFPEVFGK
1	WLAHK
1	SGP
1	TGP
1	AVPYP
1	CRQNTLGHNTQTSIAQ
1	AFKDEDTEEVPFR
1	IIP
1	VVRP
1	SVAKLEK
1	ENLLRF
1	FGG
1	VKAGF
1	HHTF
1	PDLVF
1	LENLHLPLP
1	WYSLA
1	PAP
1	RGLSK
1	NKL
1	WIR
1	MTEEY
1	GILRP
1	KLRP
1	RPK
1	KYPVQPFTESQSLTL
1	RF
1	SKVLPVPE
1	PLFPK
1	AMK
1	GFR
1	PGPLGLTGP
1	IVQ
1	AR
1	VVGP
1	VR
1	GAGP
1	AAATP
1	LEE
1	LQQ
1	PAQK
1	VAKLEK
1	LEPP
1	VFKAF
1	TLS
1	ASL
1	PKIDAMREKVLA
1	IEW
1	AYFTPE
1	LNNSRAP
1	PFPEVFGK
1	HQIYP
1	PQTLALP
1	PRVF
1	PVPQP
1	VWIG
1	WHHT
1	DKIHP
1	FSDKIAK
1	GEGSGA
1	GW
1	VEV
1	RIGLF
1	VM
1	VRGP
1	GHG
1	GPIGPA
1	GPIGPP
1	GPVGPA
1	GPVGPP
1	HLFGPPGKKDPV
1	LVPP
1	YNK
1	HNW
1	VEGY
1	PSSNK
1	EKGP
1	SF
1	LSGNK
1	LTGP
1	KIHPFAQAQ
1	YPER
1	VTR
1	EPVLGPVRGPFP
1	EQGP
1	FPEVFGK
1	QVVF
1	PRKEKLCTTS
1	DLTDY
1	PFP
1	IPAVFK
1	LGV
1	GPPGAIGP
1	QLGFLGPR
1	DLGP
1	QGP
1	TD
1	NKGPR
1	MA
1	VFER
1	IA
1	IAV
1	ENLHLPLP
1	DILN
1	LR
1	FGK
1	IRAQQ
1	LTQTPVVVPP
1	QVGP
1	GR
1	DAGP
1	VPKVK
1	ALAFQ
1	RPQIPP
1	QSGP
1	TLKYP
1	KGP
1	NIPPLTQTPV
1	VIEKYP
1	VIKP
1	KFAWPQ
1	ENGLPVHLDQSIFRR
1	ENGLPVHLDQSIFRRP
1	EPIPYGFLP
1	PVPP
1	PKAIP
1	ENGLPVHLDQSIFR
1	GLYP
1	APER
1	YR
1	HFEAMR
1	DIGP
1	QIGP
1	VSGP
1	PAPPK
1	VHLPPP
1	YVP
1	TPCPPQ
1	ERYL
1	LSMGSASLSP
1	PVNNPQIH
1	RDMPIQAF
1	AIYK
1	WT
1	ALNEINQFY
1	PYP
1	LLHSPP
1	GVPKVKETMVPKH
1	AF
1	RYLG
1	SNIP
1	SALAM
1	AP
1	LGECGGR
1	DNLLN
1	GAW
1	ASP
1	NSWVE
1	VPSERYL
1	SY
1	ENLLRFFVAPFPEVFG
1	LT
1	PSNPP
1	GEGGP
1	APP
1	RADHP
1	DTW
1	IPAQK
1	VAV
1	YGFLP
1	ALNEINQFYQK
1	FK
1	KVLPG
1	RR
1	GVW
1	HDHM
1	WA
1	GPSMR
1	ALPP
1	LNENLLRFFVAPFPEVFG
1	SHP
1	YQEPVL
1	VVPP
1	TVDQHQ
1	TP
1	VPQPIP
1	NPP
1	VYPFPGPI
1	IVGRPR
1	LNVPGEIVE
1	PQAFP
1	RPVQ
1	YQEPVLQPVR
1	STYQT
1	AMNPP
1	KVAGPK
1	LLRH
1	QLGP
1	LNPA
1	FP
1	LSPA
1	IVVE
1	YQEP
1	TGPIPN
1	APSAK
1	KAIP
1	RHQG
1	SLPQ
1	NLAG
1	VPFGVG
1	PL
1	FNE
1	PQPIP
1	QLLKLK
1	PSGQYY
1	PKLPPVKK
1	LF
1	GKP
1	GPK
1	SQPK
1	RMLGQ
1	FNQ
1	DF
1	GP
1	GQVPP
1	ACHP
1	VAPFPEVF
1	VLVPK
1	LKLP
1	ESAGIH
1	AV
1	GVPKVKETMVPK
1	LMGP
1	EPKAIP
1	KR
1	TDQHQDKIYP
1	RPR
1	FDK
1	VRGPFPIIV
1	TKIVP
1	TKVIP
1	GPA
1	EAP
1	GY
1	YGL
1	LHLP
1	PFFDPQIP
1	VAND
1	YS
1	NLHLP
1	EMPFPK
1	GPFPILV
1	YTVF
1	GIQSEPKAIP
1	PLP
1	SEPKAIP
1	IPAIN
1	RDILNQ
1	GFPGTPGLPGF
1	PQNILP
1	TCSP
1	PLPLL
1	YA
1	GTW
1	HPFAQ
1	GRPR
1	IAIP
1	FVAPFPEV
1	FC
1	TGGGNV
1	AKLEK
1	GHS
1	KLP
1	LQSW
1	PTHIK
1	YPFPGPIP
1	PPEIN
1	FHSGIQSEPKAIP
1	RVR
1	AGS
1	VAGTW
1	MM
1	ITTNP
1	EKERERQ
1	AGP
1	NILP
1	SIQSQPQAFP
1	IQSEPKAIP
1	AMKPW
1	AMPKPW
1	GLDIQK
1	DVPPYM
1	PIW
1	QP
1	DM
1	IAIPP
1	AFP
1	QPQAFP
1	YK
1	LAHKAL
1	APVPP
1	WVPSV
1	YV
1	INSQ
1	ITF
1	LGI
1	YQ
1	GF
1	IQSQPQAFP
1	YE
1	LDAQSAPLR
1	FVAPFPEVFG
1	RALP
1	SGIQSEPKAIP
1	QVPQPIP
1	ER
1	AIP
1	TTN
1	AGSS
1	ITT
1	YY
1	LLMPK
1	IPQEVLP
1	IR
1	PQR
1	QSQPQAFP
1	VRK
1	VPSERY
1	PKHP
1	SQPQAFP
1	LPLP
1	YQEPVLGP
1	EGEPR
1	WG
1	EDENNPFYLR
1	GLG
1	YGLF
1	GVQGPM
1	HQG
1	TPVVVPPFLQP
1	TPWVPPFLQP
1	QSEPKAIP
1	LALPP
1	VIPEL
1	HHT
1	LEK
1	NK
1	TFPHGP
1	AHHP
1	KDERF
1	KIEL
1	SPYP
1	QPIP
1	YSQQQQ
1	VVVPP
1	WNPR
1	RPKHPIKH
1	QK
1	YP
1	AIPP
1	DVITGA
1	SVAKL
1	PQEVLP
1	ASYDTKF
1	ALPM
1	MNPPK
1	TNP
1	VLDTDYK
1	IF
1	HIR
1	ASGPINFT
1	KVHSSIQSQPQAFT
1	QAFT
1	SSIQSQPQAFT
1	VHSSIQSQPQAFT
1	RML
1	LAMA
1	RLSGQTIEVTSEYLFRH
1	LEGR
1	GHF
1	GHP
1	HIRL
1	GS
1	EP
1	IG
1	RG
1	KDVPP
1	HPIKH
1	LALR
1	GI
1	VQ
1	AVF
1	GM
1	YG
1	SKVYPFPGPI
1	TK
1	HWTTQR
1	ALPH
1	AQK
1	FDART
1	DL
1	GA
1	VRSP
1	SVAKLE
1	NP
1	PYK
1	RL
1	LVRT
1	GL
1	AG
1	GVYPH
1	LGALPF
1	LKPTPEGN
1	DYG
1	LVNDLVTPVFDNL
1	YYA
1	GH
1	VYNEGLPAP
1	KG
1	AI
1	TTENVLFG
1	FG
1	TQPKTNAIPY
1	YYAPFE
1	DA
1	MAIPPKK
1	MG
1	VLPIPQ
1	GE
1	GT
1	HG
1	VG
1	ALEP
1	MK
1	WTFR
1	GQ
1	FQ
1	QG
1	SG
1	GG
1	LG
1	GD
1	TG
1	EG
1	YGG
1	NG
1	PG
1	VVG
1	VAE
1	YQIGL
1	AAATPL
1	ADHP
1	AGLAPY
1	AGLP
1	AL
1	AMQS
1	ASYDTKFE
1	AYPS
1	DKIHPF
1	DLQGK
1	DTGP
1	EAPPK
1	EEYPDL
1	EK
1	ELIN
1	ENLHLP
1	EPR
1	ESI
1	ESIINF
1	EVLP
1	FEGTVFENG
1	FVEPIP
1	GGDDL
1	GGFIE
1	GGLEPI
1	GNGGA
1	GPR
1	GV
1	GVDNPGHPF
1	HA
1	HAEIN
1	HANENIF
1	HIK
1	HIKW
1	HKEMPFPKY
1	HLPPPV
1	HQDF
1	HSGIQSEPKAIP
1	IFENLQN
1	IGGSI
1	IIPLEN
1	INDPF
1	KAEEEYPDL
1	KDQGSYEDF
1	KFHSGIQSEPKAIP
1	KGLWE
1	KHQDFF
1	KLEK
1	KLSDW
1	KTEIPTIN
1	LEIVPK
1	LENLHLP
1	LK
1	LLNP
1	LNSLT
1	LNVVGETVE
1	LPPP
1	LPPPVH
1	LSSGDVF
1	LTDLENLHLP
1	LTFPG
1	MMVPI
1	NAGPFTPTVNREQLSTS
1	NF
1	NIIPA
1	NKPGDML
1	NVR
1	PAAPPK
1	PAGPR
1	PAGPVG
1	PER
1	PFPE
1	PGR
1	PHA
1	PNSHP
1	PP
1	PPK
1	PPL
1	PTFIAW
1	PTPVP
1	PVQ
1	QAFP
1	QDNSRYTHFLTQHYDAFPQGR
1	QEVLP
1	QNILP
1	QSLTL
1	QVTSTAV
1	RADHPF
1	RELEEL
1	RELKDL
1	RINK
1	RINKK
1	RPKH
1	RPKHPI
1	RPKHPIKHQ
1	SAGPM
1	TGPIPNSLPQ
1	TPSPR
1	TVQVTSTAV
1	VGGPR
1	VGPR
1	VIGSPPEIN
1	VLGPVRGPFPIIV
1	VLLPDEVSGL
1	VLPEI
1	VPPAK
1	VPQP
1	VQVTSTAV
1	VVVPPF
1	WIHNENQGF
1	YAEER
1	YPF
1	YPGIA
1	YPIL
1	YRGGLEPINF
